{"D_A": 0.4143292307853699, "G_A": 0.44120627641677856, "cycle_A": 6.071839332580566, "idt_A": 2.20841383934021, "D_B": 0.5615196228027344, "G_B": 0.7344231009483337, "cycle_B": 2.273862361907959, "idt_B": 1.4982004165649414, "_timestamp": 1666621401.3513012, "_runtime": 73.15107226371765, "_step": 0, "_wandb": {"runtime": 98}}