{"D_A": 0.0897144302725792, "G_A": 0.6720840334892273, "cycle_A": 11.768333435058594, "idt_A": 6.067228317260742, "D_B": 0.23671476542949677, "G_B": 0.740149974822998, "cycle_B": 6.128358364105225, "idt_B": 2.948847770690918, "_runtime": 46, "_timestamp": 1669125804, "_step": 0}