{"D_A": 0.17252102494239807, "G_A": 0.4457002282142639, "cycle_A": 2.8618052005767822, "idt_A": 1.7497000694274902, "D_B": 0.29398787021636963, "G_B": 0.36395037174224854, "cycle_B": 1.7965232133865356, "idt_B": 0.7739672064781189, "_timestamp": 1669705346.4384456, "_runtime": 150.4986855983734, "_step": 1, "_wandb": {"runtime": 165}}