{"D_A": 0.34088829159736633, "G_A": 1.2084299325942993, "cycle_A": 13.544672012329102, "idt_A": 6.184720516204834, "D_B": 0.1845209300518036, "G_B": 0.9027854800224304, "cycle_B": 6.276922702789307, "idt_B": 3.376190662384033, "_runtime": 30, "_timestamp": 1669128441, "_step": 1, "_wandb": {"runtime": 35}}