{"D_A": 0.2989814579486847, "G_A": 1.0167328119277954, "cycle_A": 13.524484634399414, "idt_A": 6.1680073738098145, "D_B": 0.15336507558822632, "G_B": 0.6432482600212097, "cycle_B": 6.26910924911499, "idt_B": 3.371248245239258, "_runtime": 31, "_timestamp": 1669129190, "_step": 1, "_wandb": {"runtime": 37}}