{"D_A": 0.16665764153003693, "G_A": 0.9259276390075684, "cycle_A": 13.531057357788086, "idt_A": 6.162648677825928, "D_B": 0.1727631837129593, "G_B": 0.6124348044395447, "cycle_B": 6.258620738983154, "idt_B": 3.3684585094451904, "_runtime": 26, "_timestamp": 1669126408, "_step": 1, "_wandb": {"runtime": 31}}