{"D_A": 1.371377944946289, "G_A": 2.1298046112060547, "cycle_A": 7.553369998931885, "idt_A": 4.55531120300293, "D_B": 0.31195348501205444, "G_B": 0.5920385122299194, "cycle_B": 4.5976457595825195, "idt_B": 1.9780402183532715, "_runtime": 17, "_timestamp": 1665923054, "_step": 0, "_wandb": {"runtime": 21}}