{"D_A": 0.19902467727661133, "G_A": 0.3690303862094879, "cycle_A": 3.046760082244873, "idt_A": 1.8562180995941162, "D_B": 0.24806895852088928, "G_B": 0.37845322489738464, "cycle_B": 1.8769123554229736, "idt_B": 0.7611966729164124, "_timestamp": 1669712787.613965, "_runtime": 141.62297797203064, "_step": 1, "_wandb": {"runtime": 196}}