{"D_A": 0.23418977856636047, "G_A": 0.36258721351623535, "cycle_A": 3.0405240058898926, "idt_A": 1.7286603450775146, "D_B": 0.24069026112556458, "G_B": 0.3632480800151825, "cycle_B": 1.7681941986083984, "idt_B": 0.8001164197921753, "_timestamp": 1669712405.5220952, "_runtime": 143.58831524848938, "_step": 1, "_wandb": {"runtime": 169}}