{"D_A": 2.6100518703460693, "G_A": 3.1183395385742188, "cycle_A": 11.933431625366211, "idt_A": 5.058942794799805, "D_B": 0.1849653720855713, "G_B": 0.8269116282463074, "cycle_B": 5.101580619812012, "idt_B": 2.9718968868255615, "_runtime": 40, "_timestamp": 1665747558, "_step": 0, "_wandb": {"runtime": 69}}