{"D_A": 0.5772510766983032, "G_A": 0.8781943321228027, "cycle_A": 10.406651496887207, "idt_A": 5.165073394775391, "D_B": 0.3425675332546234, "G_B": 0.8553280234336853, "cycle_B": 5.303698539733887, "idt_B": 2.739668369293213, "_timestamp": 1661837238.1208296, "_runtime": 21.374821662902832, "_step": 0, "_wandb": {"runtime": 24}}