{"D_A": 0.23460924625396729, "G_A": 0.35819172859191895, "cycle_A": 3.4618234634399414, "idt_A": 1.7806400060653687, "D_B": 0.23148423433303833, "G_B": 0.35246542096138, "cycle_B": 1.8336219787597656, "idt_B": 0.7894055843353271, "_timestamp": 1669707962.6480155, "_runtime": 145.86315059661865, "_step": 1, "_wandb": {"runtime": 3220}}