{"D_A": 1.6973435878753662, "G_A": 2.448381185531616, "cycle_A": 10.573854446411133, "idt_A": 5.086553573608398, "D_B": 3.7997169494628906, "G_B": 5.069258689880371, "cycle_B": 5.118825435638428, "idt_B": 2.654841184616089, "_timestamp": 1669719043.7960923, "_runtime": 144.0147261619568, "_step": 1, "_wandb": {"runtime": 200}}