{"D_A": 0.23292386531829834, "G_A": 0.3502030372619629, "cycle_A": 3.2022347450256348, "idt_A": 1.6339225769042969, "D_B": 0.2263428270816803, "G_B": 0.3411749303340912, "cycle_B": 1.6753427982330322, "idt_B": 0.7629438638687134, "_timestamp": 1669711590.9094992, "_runtime": 148.08671927452087, "_step": 1, "_wandb": {"runtime": 169}}