{"D_A": 0.18372733891010284, "G_A": 0.3406035900115967, "cycle_A": 1.7340621948242188, "idt_A": 1.1154429912567139, "D_B": 0.3731487989425659, "G_B": 0.5538706183433533, "cycle_B": 1.0575612783432007, "idt_B": 0.43019604682922363, "_runtime": 80, "_timestamp": 1665929234, "_step": 2}