{"D_A": 0.1728522777557373, "G_A": 0.3254465162754059, "cycle_A": 4.02304744720459, "idt_A": 1.9219248294830322, "D_B": 0.3047141432762146, "G_B": 0.4172776937484741, "cycle_B": 1.8626461029052734, "idt_B": 1.1492722034454346, "_runtime": 27, "_timestamp": 1665922602, "_step": 1, "_wandb": {"runtime": 29}}