{"D_A": 0.35026898980140686, "G_A": 0.08735903352499008, "cycle_A": 1.2424342632293701, "idt_A": 1.2581331729888916, "D_B": 0.3686683475971222, "G_B": 0.2792114317417145, "cycle_B": 2.825077772140503, "idt_B": 0.5578414797782898, "_runtime": 33, "_timestamp": 1647082654, "_step": 0}