{"D_A": 0.29406461119651794, "G_A": 0.48285314440727234, "cycle_A": 2.867313861846924, "idt_A": 1.7479807138442993, "D_B": 0.21327334642410278, "G_B": 0.3310133218765259, "cycle_B": 1.7093403339385986, "idt_B": 0.7232152223587036, "_timestamp": 1669707080.8100944, "_runtime": 142.09153842926025, "_step": 1, "_wandb": {"runtime": 142}}