{"D_A": 0.2575269639492035, "G_A": 0.7155638933181763, "cycle_A": 9.529168128967285, "idt_A": 4.56958532333374, "D_B": 0.21691307425498962, "G_B": 0.6997871994972229, "cycle_B": 4.66136360168457, "idt_B": 2.4088780879974365, "_runtime": 26, "_timestamp": 1663131874, "_step": 0}