{"D_A": 0.14813515543937683, "G_A": 0.6155421137809753, "cycle_A": 12.934253692626953, "idt_A": 6.39033842086792, "D_B": 0.1433764547109604, "G_B": 0.6757242679595947, "cycle_B": 6.401920318603516, "idt_B": 3.2335963249206543, "_runtime": 30, "_timestamp": 1660288994, "_step": 0}