{"D_A": 0.29218271374702454, "G_A": 0.7863397002220154, "cycle_A": 12.75280475616455, "idt_A": 6.439842224121094, "D_B": 0.7167774438858032, "G_B": 1.3559238910675049, "cycle_B": 6.4678497314453125, "idt_B": 3.186192035675049, "_runtime": 20, "_timestamp": 1669126478, "_step": 0}