{"D_A": 0.19717687368392944, "G_A": 0.3585991859436035, "cycle_A": 3.1089162826538086, "idt_A": 1.6071078777313232, "D_B": 0.27815115451812744, "G_B": 0.37204357981681824, "cycle_B": 1.6871534585952759, "idt_B": 0.7706329822540283, "_timestamp": 1669712088.8801928, "_runtime": 151.16908073425293, "_step": 1, "_wandb": {"runtime": 174}}