{"D_A": 0.18628141283988953, "G_A": 0.3340688645839691, "cycle_A": 3.0618929862976074, "idt_A": 1.7291648387908936, "D_B": 0.23359179496765137, "G_B": 0.34982603788375854, "cycle_B": 1.765925645828247, "idt_B": 0.7883020639419556, "_timestamp": 1669707337.9772236, "_runtime": 150.0731806755066, "_step": 1, "_wandb": {"runtime": 171}}