{"D_A": 0.19171378016471863, "G_A": 0.5132836699485779, "cycle_A": 2.9319260120391846, "idt_A": 2.1578369140625, "D_B": 0.23356908559799194, "G_B": 0.3700975477695465, "cycle_B": 2.7160236835479736, "idt_B": 0.6506063938140869, "_timestamp": 1669711408.0218759, "_runtime": 231.1999969482422, "_step": 2, "_wandb": {"runtime": 233}}