{"D_A": 0.17343485355377197, "G_A": 0.6848394870758057, "cycle_A": 6.547904968261719, "idt_A": 1.4122651815414429, "D_B": 0.1645050197839737, "G_B": 0.5992193222045898, "cycle_B": 1.1116943359375, "idt_B": 1.2849810123443604, "_runtime": 44, "_timestamp": 1662456801, "_step": 2, "_wandb": {"runtime": 49}}