{"D_A": 0.18599236011505127, "G_A": 0.350228488445282, "cycle_A": 2.291412830352783, "idt_A": 1.584051251411438, "D_B": 0.3385002613067627, "G_B": 0.6435843110084534, "cycle_B": 1.8193339109420776, "idt_B": 0.6577014923095703, "_runtime": 49, "_timestamp": 1665996011, "_step": 0}