{"D_A": 0.2522081732749939, "G_A": 0.4347691237926483, "cycle_A": 2.9262490272521973, "idt_A": 1.3542892932891846, "D_B": 0.26232609152793884, "G_B": 0.364879846572876, "cycle_B": 1.2661426067352295, "idt_B": 0.6016255021095276, "_runtime": 80, "_timestamp": 1665929754, "_step": 2, "_wandb": {"runtime": 95}}