{"D_A": 0.17336812615394592, "G_A": 0.7537735104560852, "cycle_A": 12.748739242553711, "idt_A": 6.447964668273926, "D_B": 0.5453125238418579, "G_B": 1.0783149003982544, "cycle_B": 6.472391605377197, "idt_B": 3.1852407455444336, "_runtime": 20, "_timestamp": 1669129141, "_step": 0, "_wandb": {"runtime": 26}}