{"D_A": 0.22567668557167053, "G_A": 0.41754627227783203, "cycle_A": 3.833021640777588, "idt_A": 1.9480913877487183, "D_B": 0.18244709074497223, "G_B": 0.35574403405189514, "cycle_B": 1.9654526710510254, "idt_B": 0.8919888734817505, "_timestamp": 1666621488.3403544, "_runtime": 163.35567450523376, "_step": 2, "_wandb": {"runtime": 170}}