{"D_A": 0.22351232171058655, "G_A": 0.24570626020431519, "cycle_A": 2.3906376361846924, "idt_A": 2.38832688331604, "D_B": 0.2287527620792389, "G_B": 0.4251523017883301, "cycle_B": 2.31939959526062, "idt_B": 0.6759599447250366, "_runtime": 37, "_timestamp": 1665923213, "_step": 2, "_wandb": {"runtime": 43}}